{"cameraMode":{"drawMode":0,"name":"Shaded","section":"Shading Mode"},"sceneLighting":false,"audioPlay":false,"sceneViewState":{"m_AlwaysRefresh":false,"showFog":true,"showSkybox":false,"showFlares":true,"showImageEffects":true,"showParticleSystems":true,"showVisualEffectGraphs":true,"m_FxEnabled":true},"in2DMode":false,"pivot":{"x":-1.1528856754302979,"y":1.9353880882263184,"z":0.17045427858829499},"rotation":{"x":0.02294810675084591,"y":-0.5662096738815308,"z":0.01749429479241371,"w":0.8244069814682007},"size":1.2798587083816529,"orthographic":false}