{"cameraMode":{"drawMode":0,"name":"Shaded","section":"Shading Mode"},"sceneLighting":false,"audioPlay":false,"sceneViewState":{"m_AlwaysRefresh":false,"showFog":true,"showSkybox":true,"showFlares":true,"showImageEffects":true,"showParticleSystems":true,"showVisualEffectGraphs":true,"m_FxEnabled":true},"in2DMode":false,"pivot":{"x":417.9566955566406,"y":233.7285614013672,"z":3.5299160480499269},"rotation":{"x":-0.01983124390244484,"y":-0.00047648552572354674,"z":-0.004325471818447113,"w":-1.0008889436721802},"size":543.7814331054688,"orthographic":false}